marijuana,dayofweek,uber,eventdate,incidents
0,Sat,0,0,1
0,Sun,0,1,2
0,Mon,0,2,1
0,Tue,0,3,0
0,Wed,0,4,1
0,Thu,0,5,4
0,Fri,0,6,8
0,Sat,0,7,11
0,Sun,0,8,7
0,Mon,0,9,5
0,Tue,0,10,5
0,Wed,0,11,6
0,Thu,0,12,4
0,Fri,0,13,7
0,Sat,0,14,4
0,Sun,0,15,4
0,Mon,0,16,4
0,Tue,0,17,4
0,Wed,0,18,2
0,Thu,0,19,6
0,Fri,0,20,3
0,Sat,0,21,7
0,Sun,0,22,8
0,Mon,0,23,8
0,Tue,0,24,7
0,Wed,0,25,5
0,Thu,0,26,4
0,Fri,0,27,7
0,Sat,0,28,8
0,Sun,0,29,11
0,Mon,0,30,2
0,Tue,0,31,6
0,Wed,0,32,3
0,Thu,0,33,1
0,Fri,0,34,2
0,Sat,0,35,7
0,Sun,0,36,5
0,Mon,0,37,4
0,Tue,0,38,2
0,Wed,0,39,6
0,Thu,0,40,8
0,Fri,0,41,5
0,Sat,0,42,4
0,Sun,0,43,6
0,Mon,0,44,7
0,Tue,0,45,11
0,Wed,0,46,5
0,Thu,0,47,4
0,Fri,0,48,4
0,Sat,0,49,8
0,Sun,0,50,10
0,Mon,0,51,5
0,Tue,0,52,0
0,Wed,0,53,0
0,Thu,0,54,3
0,Fri,0,55,3
0,Sat,0,56,6
0,Sun,0,57,8
0,Mon,0,58,5
0,Tue,0,59,9
0,Wed,0,60,2
0,Thu,0,61,4
0,Fri,0,62,6
0,Sat,0,63,8
0,Sun,0,64,9
0,Mon,0,65,0
0,Tue,0,66,3
0,Wed,0,67,0
0,Thu,0,68,2
0,Fri,0,69,3
0,Sat,0,70,5
0,Sun,0,71,17
0,Mon,0,72,2
0,Tue,0,73,2
0,Wed,0,74,4
0,Thu,0,75,2
0,Fri,0,76,11
0,Sat,0,77,7
0,Sun,0,78,7
0,Mon,0,79,4
0,Tue,0,80,1
0,Wed,0,81,3
0,Thu,0,82,3
0,Fri,0,83,7
0,Sat,0,84,8
0,Sun,0,85,6
0,Mon,0,86,2
0,Tue,0,87,1
0,Wed,0,88,4
0,Thu,0,89,2
0,Fri,0,90,10
0,Sat,0,91,11
0,Sun,0,92,4
0,Mon,0,93,7
0,Tue,0,94,4
0,Wed,0,95,5
0,Thu,0,96,3
0,Fri,0,97,7
0,Sat,0,98,3
0,Sun,0,99,10
0,Mon,0,100,2
0,Tue,0,101,5
0,Wed,0,102,6
0,Thu,0,103,5
0,Fri,0,104,2
0,Sat,0,105,5
0,Sun,0,106,8
0,Mon,0,107,6
0,Tue,0,108,3
0,Wed,0,109,7
0,Thu,0,110,4
0,Fri,0,111,5
0,Sat,0,112,7
0,Sun,0,113,6
0,Mon,0,114,5
0,Tue,0,115,3
0,Wed,0,116,3
0,Thu,0,117,3
0,Fri,0,118,4
0,Sat,0,119,5
0,Sun,0,120,7
0,Mon,0,121,3
0,Tue,0,122,3
0,Wed,0,123,5
0,Thu,0,124,7
0,Fri,0,125,7
0,Sat,0,126,12
0,Sun,0,127,9
0,Mon,0,128,2
0,Tue,0,129,3
0,Wed,0,130,0
0,Thu,0,131,4
0,Fri,0,132,4
0,Sat,0,133,6
0,Sun,0,134,9
0,Mon,0,135,2
0,Tue,0,136,2
0,Wed,0,137,5
0,Thu,0,138,7
0,Fri,0,139,4
0,Sat,0,140,9
0,Sun,0,141,3
0,Mon,0,142,3
0,Tue,0,143,0
0,Wed,0,144,1
0,Thu,0,145,1
0,Fri,0,146,6
0,Sat,0,147,0
0,Sun,0,148,4
0,Mon,0,149,1
0,Tue,0,150,2
0,Wed,0,151,2
0,Thu,0,152,4
0,Fri,0,153,6
0,Sat,0,154,4
0,Sun,0,155,7
0,Mon,0,156,2
0,Tue,0,157,1
0,Wed,0,158,3
0,Thu,0,159,4
0,Fri,0,160,3
0,Sat,0,161,1
0,Sun,0,162,1
0,Mon,0,163,1
0,Tue,0,164,0
0,Wed,0,165,4
0,Thu,0,166,0
0,Fri,0,167,3
0,Sat,0,168,19
0,Sun,0,169,12
0,Mon,0,170,9
0,Tue,0,171,7
0,Wed,0,172,3
0,Thu,0,173,6
0,Fri,0,174,4
0,Sat,0,175,6
0,Sun,0,176,14
0,Mon,0,177,6
0,Tue,0,178,1
0,Wed,0,179,3
0,Thu,0,180,8
0,Fri,0,181,7
0,Sat,0,182,5
0,Sun,0,183,6
0,Mon,0,184,5
0,Tue,0,185,6
0,Wed,0,186,9
0,Thu,0,187,10
0,Fri,0,188,8
0,Sat,0,189,11
0,Sun,0,190,7
0,Mon,0,191,1
0,Tue,0,192,3
0,Wed,0,193,5
0,Thu,0,194,5
0,Fri,0,195,7
0,Sat,0,196,8
0,Sun,0,197,6
0,Mon,0,198,5
0,Tue,0,199,10
0,Wed,0,200,0
0,Thu,0,201,4
0,Fri,0,202,8
0,Sat,0,203,10
0,Sun,0,204,13
0,Mon,0,205,5
0,Tue,0,206,7
0,Wed,0,207,4
0,Thu,0,208,9
0,Fri,0,209,3
0,Sat,0,210,5
0,Sun,0,211,7
0,Mon,0,212,0
0,Tue,0,213,5
0,Wed,0,214,2
0,Thu,0,215,4
0,Fri,0,216,9
0,Sat,0,217,8
0,Sun,0,218,8
0,Mon,0,219,3
0,Tue,0,220,3
0,Wed,0,221,9
0,Thu,0,222,5
0,Fri,0,223,9
0,Sat,0,224,6
0,Sun,0,225,10
0,Mon,0,226,1
0,Tue,0,227,1
0,Wed,0,228,3
0,Thu,0,229,3
0,Fri,0,230,3
0,Sat,0,231,2
0,Sun,0,232,1
0,Mon,0,233,2
0,Tue,0,234,0
0,Wed,0,235,3
0,Thu,0,236,1
0,Fri,0,237,1
0,Sat,0,238,4
0,Sun,0,239,2
0,Mon,0,240,1
0,Tue,0,241,1
0,Wed,0,242,2
0,Thu,0,243,4
0,Fri,0,244,5
0,Sat,0,245,3
0,Sun,0,246,6
0,Mon,0,247,7
0,Tue,0,248,3
0,Wed,0,249,9
0,Thu,0,250,5
0,Fri,0,251,7
0,Sat,0,252,15
0,Sun,0,253,5
0,Mon,0,254,1
0,Tue,0,255,3
0,Wed,0,256,4
0,Thu,0,257,7
0,Fri,0,258,4
0,Sat,0,259,15
0,Sun,0,260,9
0,Mon,0,261,1
0,Tue,0,262,1
0,Wed,0,263,6
0,Thu,0,264,3
0,Fri,0,265,9
0,Sat,0,266,9
0,Sun,0,267,9
0,Mon,0,268,7
0,Tue,0,269,5
0,Wed,0,270,6
0,Thu,0,271,4
0,Fri,0,272,9
0,Sat,0,273,7
0,Sun,0,274,7
0,Mon,0,275,1
0,Tue,0,276,1
0,Wed,0,277,2
0,Thu,0,278,5
0,Fri,0,279,8
0,Sat,0,280,3
0,Sun,0,281,8
0,Mon,0,282,5
0,Tue,0,283,3
0,Wed,0,284,1
0,Thu,0,285,5
0,Fri,0,286,9
0,Sat,0,287,12
0,Sun,0,288,9
0,Mon,0,289,7
0,Tue,0,290,4
0,Wed,0,291,5
0,Thu,0,292,3
0,Fri,0,293,9
0,Sat,0,294,4
0,Sun,0,295,11
0,Mon,0,296,4
0,Tue,0,297,6
0,Wed,0,298,5
0,Thu,0,299,1
0,Fri,0,300,7
0,Sat,0,301,8
0,Sun,0,302,7
0,Mon,0,303,2
0,Tue,0,304,5
0,Wed,0,305,3
0,Thu,0,306,5
0,Fri,0,307,0
0,Sat,0,308,2
0,Sun,0,309,8
0,Mon,0,310,3
0,Tue,0,311,6
0,Wed,0,312,4
0,Thu,0,313,8
0,Fri,0,314,8
0,Sat,0,315,9
0,Sun,0,316,8
0,Mon,0,317,11
0,Tue,0,318,3
0,Wed,0,319,4
0,Thu,0,320,6
0,Fri,0,321,7
0,Sat,0,322,8
0,Sun,0,323,8
0,Mon,0,324,6
0,Tue,0,325,4
0,Wed,0,326,3
0,Thu,0,327,2
0,Fri,0,328,6
0,Sat,0,329,13
0,Sun,0,330,9
0,Mon,0,331,5
0,Tue,0,332,3
0,Wed,0,333,8
0,Thu,0,334,1
0,Fri,0,335,7
0,Sat,0,336,11
0,Sun,0,337,11
0,Mon,0,338,5
0,Tue,0,339,4
0,Wed,0,340,3
0,Thu,0,341,3
0,Fri,0,342,6
0,Sat,0,343,13
0,Sun,0,344,8
0,Mon,0,345,4
0,Tue,0,346,6
0,Wed,0,347,1
0,Thu,0,348,6
0,Fri,0,349,2
0,Sat,0,350,9
0,Sun,0,351,7
0,Mon,0,352,8
0,Tue,0,353,4
0,Wed,0,354,4
0,Thu,0,355,7
0,Fri,0,356,1
0,Sat,0,357,10
0,Sun,0,358,10
0,Mon,0,359,1
0,Tue,0,360,1
0,Wed,0,361,6
0,Thu,0,362,4
0,Fri,0,363,6
0,Sat,0,364,12
0,Sun,0,365,4
0,Mon,0,366,3
0,Tue,0,367,2
0,Wed,0,368,4
0,Thu,0,369,4
0,Fri,0,370,9
0,Sat,0,371,12
0,Sun,0,372,10
0,Mon,0,373,6
0,Tue,0,374,3
0,Wed,0,375,4
0,Thu,0,376,12
0,Fri,0,377,2
0,Sat,0,378,8
0,Sun,0,379,11
0,Mon,0,380,7
0,Tue,0,381,2
0,Wed,0,382,9
0,Thu,0,383,5
0,Fri,0,384,7
0,Sat,0,385,10
0,Sun,0,386,9
0,Mon,0,387,1
0,Tue,0,388,3
0,Wed,0,389,6
0,Thu,0,390,9
0,Fri,1,391,7
0,Sat,1,392,10
0,Sun,1,393,9
0,Mon,1,394,7
0,Tue,1,395,2
0,Wed,1,396,9
0,Thu,1,397,6
0,Fri,1,398,3
0,Sat,1,399,15
0,Sun,1,400,4
0,Mon,1,401,5
0,Tue,1,402,4
0,Wed,1,403,4
0,Thu,1,404,10
0,Fri,1,405,5
0,Sat,1,406,9
0,Sun,1,407,7
0,Mon,1,408,5
0,Tue,1,409,1
0,Wed,1,410,3
0,Thu,1,411,4
0,Fri,1,412,6
0,Sat,1,413,10
0,Sun,1,414,8
0,Mon,1,415,4
0,Tue,1,416,2
0,Wed,1,417,3
0,Thu,1,418,4
0,Fri,1,419,6
0,Sat,1,420,7
0,Sun,1,421,1
0,Mon,1,422,3
0,Tue,1,423,1
0,Wed,1,424,6
0,Thu,1,425,7
0,Fri,1,426,6
0,Sat,1,427,7
0,Sun,1,428,6
0,Mon,1,429,5
0,Tue,1,430,5
0,Wed,1,431,3
0,Thu,1,432,4
0,Fri,1,433,2
0,Sat,1,434,10
0,Sun,1,435,7
0,Mon,1,436,4
0,Tue,1,437,0
0,Wed,1,438,3
0,Thu,1,439,4
0,Fri,1,440,3
0,Sat,1,441,7
0,Sun,1,442,10
0,Mon,1,443,2
0,Tue,1,444,4
0,Wed,1,445,3
0,Thu,1,446,2
0,Fri,1,447,6
0,Sat,1,448,5
0,Sun,1,449,9
0,Mon,1,450,2
0,Tue,1,451,3
0,Wed,1,452,1
0,Thu,1,453,3
0,Fri,1,454,5
0,Sat,1,455,12
0,Sun,1,456,4
0,Mon,1,457,9
0,Tue,1,458,5
0,Wed,1,459,4
0,Thu,1,460,4
0,Fri,1,461,3
0,Sat,1,462,2
0,Sun,1,463,10
0,Mon,1,464,3
0,Tue,1,465,2
0,Wed,1,466,3
0,Thu,1,467,0
0,Fri,1,468,3
0,Sat,1,469,6
0,Sun,1,470,8
0,Mon,1,471,2
0,Tue,1,472,1
0,Wed,1,473,5
0,Thu,1,474,5
0,Fri,1,475,4
0,Sat,1,476,8
0,Sun,1,477,8
0,Mon,1,478,1
0,Tue,1,479,6
0,Wed,1,480,8
0,Thu,1,481,4
0,Fri,1,482,7
0,Sat,1,483,8
0,Sun,1,484,9
0,Mon,1,485,2
0,Tue,1,486,1
0,Wed,1,487,2
0,Thu,1,488,5
0,Fri,1,489,9
0,Sat,1,490,8
0,Sun,1,491,10
0,Mon,1,492,1
0,Tue,1,493,3
0,Wed,1,494,2
0,Thu,1,495,7
0,Fri,1,496,10
0,Sat,1,497,13
0,Sun,1,498,17
0,Mon,1,499,5
0,Tue,1,500,5
0,Wed,1,501,11
0,Thu,1,502,9
0,Fri,1,503,13
0,Sat,1,504,16
0,Sun,1,505,13
0,Mon,1,506,2
0,Tue,1,507,1
0,Wed,1,508,3
0,Thu,1,509,11
0,Fri,1,510,7
0,Sat,1,511,12
0,Sun,1,512,9
0,Mon,1,513,5
0,Tue,1,514,7
0,Wed,1,515,3
0,Thu,1,516,11
0,Fri,1,517,9
0,Sat,1,518,11
0,Sun,1,519,10
0,Mon,1,520,2
0,Tue,1,521,2
0,Wed,1,522,2
0,Thu,1,523,11
0,Fri,1,524,11
0,Sat,1,525,17
0,Sun,1,526,2
0,Mon,1,527,3
0,Tue,1,528,3
0,Wed,1,529,4
0,Thu,1,530,7
0,Fri,1,531,3
0,Sat,1,532,8
0,Sun,1,533,16
0,Mon,1,534,2
0,Tue,1,535,4
0,Wed,1,536,6
0,Thu,1,537,8
0,Fri,1,538,5
0,Sat,1,539,3
0,Sun,1,540,5
0,Mon,1,541,2
0,Tue,1,542,4
0,Wed,1,543,2
0,Thu,1,544,4
0,Fri,1,545,9
0,Sat,1,546,8
0,Sun,1,547,7
0,Mon,1,548,2
0,Tue,1,549,2
0,Wed,1,550,0
0,Thu,1,551,1
0,Fri,1,552,2
0,Sat,1,553,4
0,Sun,1,554,6
0,Mon,1,555,3
0,Tue,1,556,3
0,Wed,1,557,5
0,Thu,1,558,3
0,Fri,1,559,5
0,Sat,1,560,8
0,Sun,1,561,10
0,Mon,1,562,1
0,Tue,1,563,1
0,Wed,1,564,5
0,Thu,1,565,5
0,Fri,1,566,6
0,Sat,1,567,8
0,Sun,1,568,8
0,Mon,1,569,6
0,Tue,1,570,4
0,Wed,1,571,4
0,Thu,1,572,3
0,Fri,1,573,8
0,Sat,1,574,6
0,Sun,1,575,8
0,Mon,1,576,4
0,Tue,1,577,3
0,Wed,1,578,13
0,Thu,1,579,4
0,Fri,1,580,5
0,Sat,1,581,14
0,Sun,1,582,13
0,Mon,1,583,4
0,Tue,1,584,2
0,Wed,1,585,2
0,Thu,1,586,7
0,Fri,1,587,3
0,Sat,1,588,8
0,Sun,1,589,9
0,Mon,1,590,2
0,Tue,1,591,5
0,Wed,1,592,3
0,Thu,1,593,6
0,Fri,1,594,5
0,Sat,1,595,12
0,Sun,1,596,6
0,Mon,1,597,2
0,Tue,1,598,2
0,Wed,1,599,4
0,Thu,1,600,10
0,Fri,1,601,7
0,Sat,1,602,15
0,Sun,1,603,2
0,Mon,1,604,2
0,Tue,1,605,6
0,Wed,1,606,0
0,Thu,1,607,2
0,Fri,1,608,7
0,Sat,1,609,9
0,Sun,1,610,10
0,Mon,1,611,4
0,Tue,1,612,4
0,Wed,1,613,1
0,Thu,1,614,6
0,Fri,1,615,6
0,Sat,1,616,8
0,Sun,1,617,12
0,Mon,1,618,1
0,Tue,1,619,2
0,Wed,1,620,1
0,Thu,1,621,7
0,Fri,1,622,7
0,Sat,1,623,9
0,Sun,1,624,8
0,Mon,1,625,2
0,Tue,1,626,7
0,Wed,1,627,2
0,Thu,1,628,6
0,Fri,1,629,8
0,Sat,1,630,8
0,Sun,1,631,7
0,Mon,1,632,4
0,Tue,1,633,2
0,Wed,1,634,3
0,Thu,1,635,4
0,Fri,1,636,7
0,Sat,1,637,8
0,Sun,1,638,5
0,Mon,1,639,3
0,Tue,1,640,2
0,Wed,1,641,2
0,Thu,1,642,7
0,Fri,1,643,13
0,Sat,1,644,15
0,Sun,1,645,15
0,Mon,1,646,9
0,Tue,1,647,5
0,Wed,1,648,0
0,Thu,1,649,6
0,Fri,1,650,5
0,Sat,1,651,9
0,Sun,1,652,8
0,Mon,1,653,1
0,Tue,1,654,3
0,Wed,1,655,2
0,Thu,1,656,11
0,Fri,1,657,5
0,Sat,1,658,6
0,Sun,1,659,13
0,Mon,1,660,5
0,Tue,1,661,0
0,Wed,1,662,6
0,Thu,1,663,8
0,Fri,1,664,2
0,Sat,1,665,6
0,Sun,1,666,10
0,Mon,1,667,2
0,Tue,1,668,6
0,Wed,1,669,3
0,Thu,1,670,4
0,Fri,1,671,5
0,Sat,1,672,8
0,Sun,1,673,5
0,Mon,1,674,3
0,Tue,1,675,1
0,Wed,1,676,5
0,Thu,1,677,5
0,Fri,1,678,5
0,Sat,1,679,13
0,Sun,1,680,9
0,Mon,1,681,7
0,Tue,1,682,7
0,Wed,1,683,1
0,Thu,1,684,8
0,Fri,1,685,7
0,Sat,1,686,8
0,Sun,1,687,10
0,Mon,1,688,4
0,Tue,1,689,3
0,Wed,1,690,2
0,Thu,1,691,4
0,Fri,1,692,6
0,Sat,1,693,12
0,Sun,1,694,6
0,Mon,1,695,2
0,Tue,1,696,7
0,Wed,1,697,3
0,Thu,1,698,5
0,Fri,1,699,5
0,Sat,1,700,10
0,Sun,1,701,4
0,Mon,1,702,1
0,Tue,1,703,4
0,Wed,1,704,6
0,Thu,1,705,6
0,Fri,1,706,4
0,Sat,1,707,7
0,Sun,1,708,5
0,Mon,1,709,3
0,Tue,1,710,6
0,Wed,1,711,4
0,Thu,1,712,8
0,Fri,1,713,6
0,Sat,1,714,8
0,Sun,1,715,9
0,Mon,1,716,4
0,Tue,1,717,3
0,Wed,1,718,6
0,Thu,1,719,12
0,Fri,1,720,3
0,Sat,1,721,4
0,Sun,1,722,11
0,Mon,1,723,2
0,Tue,1,724,5
0,Wed,1,725,2
0,Thu,1,726,8
0,Fri,1,727,8
0,Sat,1,728,9
0,Sun,1,729,7
0,Mon,1,730,2
0,Tue,1,731,4
0,Wed,1,732,3
0,Thu,1,733,2
0,Fri,1,734,8
0,Sat,1,735,11
0,Sun,1,736,6
0,Mon,1,737,1
0,Tue,1,738,2
0,Wed,1,739,4
0,Thu,1,740,4
0,Fri,1,741,10
0,Sat,1,742,10
0,Sun,1,743,4
0,Mon,1,744,6
0,Tue,1,745,3
0,Wed,1,746,5
0,Thu,1,747,2
0,Fri,1,748,8
0,Sat,1,749,11
0,Sun,1,750,9
0,Mon,1,751,3
0,Tue,1,752,6
0,Wed,1,753,4
0,Thu,1,754,3
0,Fri,1,755,4
0,Sat,1,756,5
0,Sun,1,757,5
0,Mon,1,758,3
0,Tue,1,759,3
0,Wed,1,760,6
0,Thu,1,761,0
0,Fri,1,762,1
0,Sat,1,763,2
0,Sun,1,764,0
0,Mon,1,765,2
0,Tue,1,766,3
0,Wed,1,767,1
0,Thu,1,768,1
0,Fri,1,769,3
0,Sat,1,770,4
0,Sun,1,771,3
0,Mon,1,772,3
0,Tue,1,773,2
0,Wed,1,774,4
0,Thu,1,775,5
0,Fri,1,776,8
0,Sat,1,777,2
0,Sun,1,778,4
0,Mon,1,779,7
0,Tue,1,780,3
0,Wed,1,781,3
0,Thu,1,782,4
0,Fri,1,783,2
0,Sat,1,784,8
0,Sun,1,785,4
0,Mon,1,786,1
0,Tue,1,787,1
0,Wed,1,788,5
0,Thu,1,789,2
0,Fri,1,790,3
0,Sat,1,791,1
0,Sun,1,792,7
0,Mon,1,793,5
0,Tue,1,794,2
0,Wed,1,795,4
0,Thu,1,796,10
0,Fri,1,797,4
0,Sat,1,798,5
0,Sun,1,799,9
0,Mon,1,800,5
0,Tue,1,801,8
0,Wed,1,802,2
0,Thu,1,803,6
0,Fri,1,804,7
0,Sat,1,805,11
0,Sun,1,806,8
0,Mon,1,807,3
0,Tue,1,808,7
0,Wed,1,809,7
0,Thu,1,810,0
0,Fri,1,811,6
0,Sat,1,812,5
0,Sun,1,813,8
0,Mon,1,814,4
0,Tue,1,815,3
0,Wed,1,816,8
0,Thu,1,817,7
0,Fri,1,818,7
0,Sat,1,819,6
0,Sun,1,820,8
0,Mon,1,821,3
0,Tue,1,822,1
0,Wed,1,823,4
0,Thu,1,824,7
0,Fri,1,825,5
0,Sat,1,826,3
0,Sun,1,827,5
0,Mon,1,828,3
0,Tue,1,829,4
0,Wed,1,830,0
0,Thu,1,831,5
0,Fri,1,832,4
0,Sat,1,833,11
0,Sun,1,834,11
0,Mon,1,835,4
0,Tue,1,836,3
0,Wed,1,837,3
0,Thu,1,838,9
0,Fri,1,839,7
0,Sat,1,840,2
0,Sun,1,841,9
0,Mon,1,842,3
0,Tue,1,843,4
0,Wed,1,844,6
0,Thu,1,845,8
0,Fri,1,846,5
0,Sat,1,847,9
0,Sun,1,848,8
0,Mon,1,849,4
0,Tue,1,850,2
0,Wed,1,851,4
0,Thu,1,852,1
0,Fri,1,853,6
0,Sat,1,854,8
0,Sun,1,855,8
0,Mon,1,856,1
0,Tue,1,857,1
0,Wed,1,858,3
0,Thu,1,859,6
0,Fri,1,860,4
0,Sat,1,861,5
0,Sun,1,862,5
0,Mon,1,863,3
0,Tue,1,864,3
0,Wed,1,865,2
0,Thu,1,866,7
0,Fri,1,867,5
0,Sat,1,868,14
0,Sun,1,869,14
0,Mon,1,870,3
0,Tue,1,871,5
0,Wed,1,872,0
0,Thu,1,873,5
0,Fri,1,874,8
0,Sat,1,875,8
1,Sun,1,876,16
1,Mon,1,877,5
1,Tue,1,878,2
1,Wed,1,879,8
1,Thu,1,880,4
1,Fri,1,881,4
1,Sat,1,882,11
1,Sun,1,883,11
1,Mon,1,884,3
1,Tue,1,885,2
1,Wed,1,886,7
1,Thu,1,887,3
1,Fri,1,888,11
1,Sat,1,889,10
1,Sun,1,890,10
1,Mon,1,891,6
1,Tue,1,892,3
1,Wed,1,893,3
1,Thu,1,894,5
1,Fri,1,895,7
1,Sat,1,896,9
1,Sun,1,897,14
1,Mon,1,898,4
1,Tue,1,899,13
1,Wed,1,900,1
1,Thu,1,901,1
1,Fri,1,902,4
1,Sat,1,903,7
1,Sun,1,904,4
1,Mon,1,905,1
1,Tue,1,906,5
1,Wed,1,907,4
1,Thu,1,908,2
1,Fri,1,909,5
1,Sat,1,910,16
1,Sun,1,911,4
1,Mon,1,912,3
1,Tue,1,913,3
1,Wed,1,914,3
1,Thu,1,915,3
1,Fri,1,916,9
1,Sat,1,917,5
1,Sun,1,918,2
1,Mon,1,919,1
1,Tue,1,920,1
1,Wed,1,921,3
1,Thu,1,922,4
1,Fri,1,923,8
1,Sat,1,924,9
1,Sun,1,925,7
1,Mon,1,926,5
1,Tue,1,927,1
1,Wed,1,928,1
1,Thu,1,929,5
1,Fri,1,930,5
1,Sat,1,931,6
1,Sun,1,932,10
1,Mon,1,933,7
1,Tue,1,934,3
1,Wed,1,935,1
1,Thu,1,936,4
1,Fri,1,937,11
1,Sat,1,938,6
1,Sun,1,939,3
1,Mon,1,940,2
1,Tue,1,941,2
1,Wed,1,942,4
1,Thu,1,943,5
1,Fri,1,944,4
1,Sat,1,945,7
1,Sun,1,946,3
1,Mon,1,947,1
1,Tue,1,948,3
1,Wed,1,949,1
1,Thu,1,950,4
1,Fri,1,951,5
1,Sat,1,952,6
1,Sun,1,953,5
1,Mon,1,954,3
1,Tue,1,955,5
1,Wed,1,956,4
1,Thu,1,957,2
1,Fri,1,958,2
1,Sat,1,959,8
1,Sun,1,960,9
1,Mon,1,961,2
1,Tue,1,962,2
1,Wed,1,963,4
1,Thu,1,964,6
1,Fri,1,965,6
1,Sat,1,966,13
1,Sun,1,967,9
1,Mon,1,968,5
1,Tue,1,969,5
1,Wed,1,970,2
1,Thu,1,971,6
1,Fri,1,972,4
1,Sat,1,973,9
1,Sun,1,974,9
1,Mon,1,975,5
1,Tue,1,976,4
1,Wed,1,977,4
1,Thu,1,978,6
1,Fri,1,979,6
1,Sat,1,980,8
1,Sun,1,981,10
1,Mon,1,982,5
1,Tue,1,983,5
1,Wed,1,984,6
1,Thu,1,985,3
1,Fri,1,986,10
1,Sat,1,987,12
1,Sun,1,988,6
1,Mon,1,989,7
1,Tue,1,990,1
1,Wed,1,991,3
1,Thu,1,992,2
1,Fri,1,993,2
1,Sat,1,994,7
1,Sun,1,995,5
1,Mon,1,996,6
1,Tue,1,997,11
1,Wed,1,998,6
1,Thu,1,999,6
1,Fri,1,1000,5
1,Sat,1,1001,6
1,Sun,1,1002,2
1,Mon,1,1003,3
1,Tue,1,1004,5
1,Wed,1,1005,5
1,Thu,1,1006,2
1,Fri,1,1007,3
1,Sat,1,1008,10
1,Sun,1,1009,8
1,Mon,1,1010,1
1,Tue,1,1011,3
1,Wed,1,1012,4
1,Thu,1,1013,10
1,Fri,1,1014,7
1,Sat,1,1015,12
1,Sun,1,1016,11
1,Mon,1,1017,5
1,Tue,1,1018,7
1,Wed,1,1019,9
1,Thu,1,1020,4
1,Fri,1,1021,13
1,Sat,1,1022,23
1,Sun,1,1023,19
1,Mon,1,1024,9
1,Tue,1,1025,5
1,Wed,1,1026,9
1,Thu,1,1027,8
1,Fri,1,1028,14
1,Sat,1,1029,16
1,Sun,1,1030,15
1,Mon,1,1031,7
1,Tue,1,1032,7
1,Wed,1,1033,6
1,Thu,1,1034,13
1,Fri,1,1035,11
1,Sat,1,1036,13
1,Sun,1,1037,17
1,Mon,1,1038,9
1,Tue,1,1039,4
1,Wed,1,1040,11
1,Thu,1,1041,9
1,Fri,1,1042,16
1,Sat,1,1043,17
1,Sun,1,1044,16
1,Mon,1,1045,8
1,Tue,1,1046,4
1,Wed,1,1047,4
1,Thu,1,1048,10
1,Fri,1,1049,12
1,Sat,1,1050,23
1,Sun,1,1051,12
1,Mon,1,1052,10
1,Tue,1,1053,7
1,Wed,1,1054,12
1,Thu,1,1055,10
1,Fri,1,1056,3
1,Sat,1,1057,17
1,Sun,1,1058,21
1,Mon,1,1059,12
1,Tue,1,1060,3
1,Wed,1,1061,9
1,Thu,1,1062,6
1,Fri,1,1063,9
1,Sat,1,1064,19
1,Sun,1,1065,14
1,Mon,1,1066,7
1,Tue,1,1067,5
1,Wed,1,1068,8
1,Thu,1,1069,5
1,Fri,1,1070,15
1,Sat,1,1071,9
1,Sun,1,1072,12
1,Mon,1,1073,4
1,Tue,1,1074,7
1,Wed,1,1075,9
1,Thu,1,1076,7
1,Fri,1,1077,12
1,Sat,1,1078,13
1,Sun,1,1079,10
1,Mon,1,1080,12
1,Tue,1,1081,7
1,Wed,1,1082,10
1,Thu,1,1083,10
1,Fri,1,1084,22
1,Sat,1,1085,16
1,Sun,1,1086,12
1,Mon,1,1087,7
1,Tue,1,1088,6
1,Wed,1,1089,9
1,Thu,1,1090,8
1,Fri,1,1091,9
1,Sat,1,1092,13
1,Sun,1,1093,8
1,Mon,1,1094,5
1,Tue,1,1095,9
1,Wed,1,1096,6
1,Thu,1,1097,6
1,Fri,1,1098,9
1,Sat,1,1099,12
1,Sun,1,1100,10
1,Mon,1,1101,4
1,Tue,1,1102,1
1,Wed,1,1103,4
1,Thu,1,1104,9
1,Fri,1,1105,12
1,Sat,1,1106,11
1,Sun,1,1107,11
1,Mon,1,1108,6
1,Tue,1,1109,3
1,Wed,1,1110,6
1,Thu,1,1111,11
1,Fri,1,1112,15
1,Sat,1,1113,15
1,Sun,1,1114,14
1,Mon,1,1115,5
1,Tue,1,1116,11
1,Wed,1,1117,9
1,Thu,1,1118,13
1,Fri,1,1119,14
1,Sat,1,1120,9
1,Sun,1,1121,14
1,Mon,1,1122,7
1,Tue,1,1123,6
1,Wed,1,1124,12
1,Thu,1,1125,14
1,Fri,1,1126,17
1,Sat,1,1127,11
1,Sun,1,1128,12
1,Mon,1,1129,7
1,Tue,1,1130,6
1,Wed,1,1131,6
1,Thu,1,1132,12
1,Fri,1,1133,17
1,Sat,1,1134,17
1,Sun,1,1135,17
1,Mon,1,1136,7
1,Tue,1,1137,3
1,Wed,1,1138,6
1,Thu,1,1139,7
1,Fri,1,1140,9
1,Sat,1,1141,15
1,Sun,1,1142,15
1,Mon,1,1143,9
1,Tue,1,1144,5
1,Wed,1,1145,5
1,Thu,1,1146,3
1,Fri,1,1147,7
1,Sat,1,1148,11
1,Sun,1,1149,21
1,Mon,1,1150,6
1,Tue,1,1151,7
1,Wed,1,1152,9
1,Thu,1,1153,9
1,Fri,1,1154,7
1,Sat,1,1155,10
1,Sun,1,1156,13
1,Mon,1,1157,3
1,Tue,1,1158,9
1,Wed,1,1159,10
1,Thu,1,1160,5
1,Fri,1,1161,6
1,Sat,1,1162,10
1,Sun,1,1163,9
1,Mon,1,1164,6
1,Tue,1,1165,2
1,Wed,1,1166,8
1,Thu,1,1167,5
1,Fri,1,1168,7
1,Sat,1,1169,14
1,Sun,1,1170,11
1,Mon,1,1171,4
1,Tue,1,1172,8
1,Wed,1,1173,7
1,Thu,1,1174,5
1,Fri,1,1175,7
1,Sat,1,1176,16
1,Sun,1,1177,14
1,Mon,1,1178,8
1,Tue,1,1179,5
1,Wed,1,1180,6
1,Thu,1,1181,5
1,Fri,1,1182,7
1,Sat,1,1183,11
1,Sun,1,1184,8
1,Mon,1,1185,7
1,Tue,1,1186,5
1,Wed,1,1187,5
1,Thu,1,1188,8
1,Fri,1,1189,9
1,Sat,1,1190,13
1,Sun,1,1191,9
1,Mon,1,1192,7
1,Tue,1,1193,5
1,Wed,1,1194,13
1,Thu,1,1195,9
1,Fri,1,1196,12
1,Sat,1,1197,15
1,Sun,1,1198,3
1,Mon,1,1199,1
1,Tue,1,1200,4
1,Wed,1,1201,6
1,Thu,1,1202,7
1,Fri,1,1203,12
1,Sat,1,1204,6
1,Sun,1,1205,11
1,Mon,1,1206,6
1,Tue,1,1207,2
1,Wed,1,1208,6
1,Thu,1,1209,5
1,Fri,1,1210,4
1,Sat,1,1211,14
1,Sun,1,1212,13
1,Mon,1,1213,5
1,Tue,1,1214,3
1,Wed,1,1215,5
1,Thu,1,1216,4
1,Fri,1,1217,7
1,Sat,1,1218,12
1,Sun,1,1219,14
1,Mon,1,1220,8
1,Tue,1,1221,8
1,Wed,1,1222,6
1,Thu,1,1223,6
1,Fri,1,1224,14
1,Sat,1,1225,8
1,Sun,1,1226,13
1,Mon,1,1227,8
1,Tue,1,1228,9
1,Wed,1,1229,7
1,Thu,1,1230,12
1,Fri,1,1231,6
1,Sat,1,1232,9
1,Sun,1,1233,7
1,Mon,1,1234,2
1,Tue,1,1235,11
1,Wed,1,1236,1
1,Thu,1,1237,10
1,Fri,1,1238,11
1,Sat,1,1239,14
1,Sun,1,1240,14
1,Mon,1,1241,6
1,Tue,1,1242,4
1,Wed,1,1243,8
1,Thu,1,1244,9
1,Fri,1,1245,0
1,Sat,1,1246,7
1,Sun,1,1247,12
1,Mon,1,1248,1
1,Tue,1,1249,5
1,Wed,1,1250,9
1,Thu,1,1251,7
1,Fri,1,1252,6
1,Sat,1,1253,10
1,Sun,1,1254,9
1,Mon,1,1255,5
1,Tue,1,1256,10
1,Wed,1,1257,13
1,Thu,1,1258,3
1,Fri,1,1259,9
1,Sat,1,1260,13
1,Sun,1,1261,16
1,Mon,1,1262,9
1,Tue,1,1263,9
1,Wed,1,1264,12
1,Thu,1,1265,11
1,Fri,1,1266,10
1,Sat,1,1267,13
1,Sun,1,1268,16
1,Mon,1,1269,6
1,Tue,1,1270,12
1,Wed,1,1271,3
1,Thu,1,1272,4
1,Fri,1,1273,12
1,Sat,1,1274,14
1,Sun,1,1275,10
1,Mon,1,1276,6
1,Tue,1,1277,7
1,Wed,1,1278,5
1,Thu,1,1279,7
1,Fri,1,1280,10
1,Sat,1,1281,13
1,Sun,1,1282,17
1,Mon,1,1283,12
1,Tue,1,1284,4
1,Wed,1,1285,7
1,Thu,1,1286,5
1,Fri,1,1287,7
1,Sat,1,1288,14
1,Sun,1,1289,15
1,Mon,1,1290,2
1,Tue,1,1291,6
1,Wed,1,1292,4
1,Thu,1,1293,9
1,Fri,1,1294,9
1,Sat,1,1295,13
1,Sun,1,1296,19
1,Mon,1,1297,8
1,Tue,1,1298,9
1,Wed,1,1299,11
1,Thu,1,1300,6
1,Fri,1,1301,7
1,Sat,1,1302,6
1,Sun,1,1303,2
1,Mon,1,1304,10
1,Tue,1,1305,6
1,Wed,1,1306,5
1,Thu,1,1307,7
1,Fri,1,1308,11
1,Sat,1,1309,10
1,Sun,1,1310,9
1,Mon,1,1311,6
1,Tue,1,1312,9
1,Wed,1,1313,2
1,Thu,1,1314,9
1,Fri,1,1315,9
1,Sat,1,1316,9
1,Sun,1,1317,11
1,Mon,1,1318,7
1,Tue,1,1319,2
1,Wed,1,1320,4
1,Thu,1,1321,9
1,Fri,1,1322,11
1,Sat,1,1323,10
1,Sun,1,1324,9
1,Mon,1,1325,6
1,Tue,1,1326,3
1,Wed,1,1327,3
1,Thu,1,1328,5
1,Fri,1,1329,12
1,Sat,1,1330,9
1,Sun,1,1331,5
1,Mon,1,1332,3
1,Tue,1,1333,5
1,Wed,1,1334,9
1,Thu,1,1335,9
1,Fri,1,1336,5
1,Sat,1,1337,7
1,Sun,1,1338,4
1,Mon,1,1339,5
1,Tue,1,1340,4
1,Wed,1,1341,1
1,Thu,1,1342,1
1,Fri,1,1343,1
1,Sat,1,1344,1
1,Sun,1,1345,3
1,Mon,1,1346,2
1,Tue,1,1347,2
1,Wed,1,1348,7
1,Thu,1,1349,11
1,Fri,1,1350,14
1,Sat,1,1351,12
1,Sun,1,1352,14
1,Mon,1,1353,7
1,Tue,1,1354,7
1,Wed,1,1355,7
1,Thu,1,1356,8
1,Fri,1,1357,14
1,Sat,1,1358,8
1,Sun,1,1359,10
1,Mon,1,1360,9
1,Tue,1,1361,6
1,Wed,1,1362,5
1,Thu,1,1363,5
1,Fri,1,1364,11
1,Sat,1,1365,14
1,Sun,1,1366,11
1,Mon,1,1367,2
1,Tue,1,1368,6
1,Wed,1,1369,3
1,Thu,1,1370,5
1,Fri,1,1371,6
1,Sat,1,1372,2
1,Sun,1,1373,13
1,Mon,1,1374,5
1,Tue,1,1375,4
1,Wed,1,1376,5
1,Thu,1,1377,5
1,Fri,1,1378,14
1,Sat,1,1379,10
1,Sun,1,1380,7
1,Mon,1,1381,5
1,Tue,1,1382,7
1,Wed,1,1383,5
1,Thu,1,1384,5
1,Fri,1,1385,6
1,Sat,1,1386,5
1,Sun,1,1387,10
1,Mon,1,1388,4
1,Tue,1,1389,12
1,Wed,1,1390,10
1,Thu,1,1391,6
1,Fri,1,1392,11
1,Sat,1,1393,13
1,Sun,1,1394,12
1,Mon,1,1395,10
1,Tue,1,1396,14
1,Wed,1,1397,12
1,Thu,1,1398,3
1,Fri,1,1399,11
1,Sat,1,1400,10
1,Sun,1,1401,14
1,Mon,1,1402,4
1,Tue,1,1403,8
1,Wed,1,1404,7
1,Thu,1,1405,6
1,Fri,1,1406,4
1,Sat,1,1407,12
1,Sun,1,1408,12
1,Mon,1,1409,12
1,Tue,1,1410,10
1,Wed,1,1411,10
1,Thu,1,1412,5
1,Fri,1,1413,13
1,Sat,1,1414,9
1,Sun,1,1415,5
1,Mon,1,1416,11
1,Tue,1,1417,4
1,Wed,1,1418,10
1,Thu,1,1419,8
1,Fri,1,1420,13
1,Sat,1,1421,5